id,loc_id,filepath,heading,,
1,13,PILOT/GSV_PILOT_13_1.jpg,279,,
2,13,PILOT/GSV_PILOT_13_2.jpg,9,,
3,13,PILOT/GSV_PILOT_13_3.jpg,99,,
4,13,PILOT/GSV_PILOT_13_4.jpg,189,,
5,15,PILOT/GSV_PILOT_15_1.jpg,89,,
6,15,PILOT/GSV_PILOT_15_2.jpg,179,,
7,15,PILOT/GSV_PILOT_15_3.jpg,269,,
8,15,PILOT/GSV_PILOT_15_4.jpg,359,,
9,2,PILOT/GSV_PILOT_2_1.jpg,35,,
10,2,PILOT/GSV_PILOT_2_2.jpg,125,,
11,2,PILOT/GSV_PILOT_2_3.jpg,215,,
12,2,PILOT/GSV_PILOT_2_4.jpg,305,,
13,21,PILOT/GSV_PILOT_21_1.jpg,276,,
14,21,PILOT/GSV_PILOT_21_2.jpg,6,,
15,21,PILOT/GSV_PILOT_21_3.jpg,96,,
16,21,PILOT/GSV_PILOT_21_4.jpg,186,,
17,25,PILOT/GSV_PILOT_25_1.jpg,216,,
18,25,PILOT/GSV_PILOT_25_2.jpg,306,,
19,25,PILOT/GSV_PILOT_25_3.jpg,36,,
20,25,PILOT/GSV_PILOT_25_4.jpg,126,,
21,26,PILOT/GSV_PILOT_26_1.jpg,135,,
22,26,PILOT/GSV_PILOT_26_2.jpg,225,,
23,26,PILOT/GSV_PILOT_26_3.jpg,315,,
24,26,PILOT/GSV_PILOT_26_4.jpg,45,,
25,28,PILOT/GSV_PILOT_28_1.jpg,135,,
26,28,PILOT/GSV_PILOT_28_2.jpg,225,,
27,28,PILOT/GSV_PILOT_28_3.jpg,315,,
28,28,PILOT/GSV_PILOT_28_4.jpg,45,,
29,30,PILOT/GSV_PILOT_30_1.jpg,205,,
30,30,PILOT/GSV_PILOT_30_2.jpg,295,,
31,30,PILOT/GSV_PILOT_30_3.jpg,25,,
32,30,PILOT/GSV_PILOT_30_4.jpg,115,,
33,34,PILOT/GSV_PILOT_34_1.jpg,219,,
34,34,PILOT/GSV_PILOT_34_2.jpg,309,,
35,34,PILOT/GSV_PILOT_34_3.jpg,39,,
36,34,PILOT/GSV_PILOT_34_4.jpg,129,,
37,35,PILOT/GSV_PILOT_35_1.jpg,249,,
38,35,PILOT/GSV_PILOT_35_2.jpg,339,,
39,35,PILOT/GSV_PILOT_35_3.jpg,69,,
40,35,PILOT/GSV_PILOT_35_4.jpg,159,,
41,40,PILOT/GSV_PILOT_40_1.jpg,102,,
42,40,PILOT/GSV_PILOT_40_2.jpg,192,,
43,40,PILOT/GSV_PILOT_40_3.jpg,282,,
44,40,PILOT/GSV_PILOT_40_4.jpg,12,,
45,43,PILOT/GSV_PILOT_43_1.jpg,279,,
46,43,PILOT/GSV_PILOT_43_2.jpg,9,,
47,43,PILOT/GSV_PILOT_43_3.jpg,99,,
48,43,PILOT/GSV_PILOT_43_4.jpg,189,,
49,51,PILOT/GSV_PILOT_51_1.jpg,159,,
50,51,PILOT/GSV_PILOT_51_2.jpg,249,,
51,51,PILOT/GSV_PILOT_51_3.jpg,339,,
52,51,PILOT/GSV_PILOT_51_4.jpg,69,,
53,52,PILOT/GSV_PILOT_52_1.jpg,47,,
54,52,PILOT/GSV_PILOT_52_2.jpg,137,,
55,52,PILOT/GSV_PILOT_52_3.jpg,227,,
56,52,PILOT/GSV_PILOT_52_4.jpg,317,,
57,6,PILOT/GSV_PILOT_6_1.jpg,193,,
58,6,PILOT/GSV_PILOT_6_2.jpg,283,,
59,6,PILOT/GSV_PILOT_6_3.jpg,13,,
60,6,PILOT/GSV_PILOT_6_4.jpg,103,,
61,61,PILOT/GSV_PILOT_61_1.jpg,359,,
62,61,PILOT/GSV_PILOT_61_2.jpg,89,,
63,61,PILOT/GSV_PILOT_61_3.jpg,179,,
64,61,PILOT/GSV_PILOT_61_4.jpg,269,,
65,64,PILOT/GSV_PILOT_64_1.jpg,40,,
66,64,PILOT/GSV_PILOT_64_2.jpg,130,,
67,64,PILOT/GSV_PILOT_64_3.jpg,220,,
68,64,PILOT/GSV_PILOT_64_4.jpg,310,,
69,75,PILOT/GSV_PILOT_75_1.jpg,135,,
70,75,PILOT/GSV_PILOT_75_2.jpg,225,,
71,75,PILOT/GSV_PILOT_75_3.jpg,315,,
72,75,PILOT/GSV_PILOT_75_4.jpg,45,,
73,8,PILOT/GSV_PILOT_8_1.jpg,34,,
74,8,PILOT/GSV_PILOT_8_2.jpg,124,,
75,8,PILOT/GSV_PILOT_8_3.jpg,214,,
76,8,PILOT/GSV_PILOT_8_4.jpg,304,,
77,93,PILOT/GSV_PILOT_93_1.jpg,79,,
78,93,PILOT/GSV_PILOT_93_2.jpg,169,,
79,93,PILOT/GSV_PILOT_93_3.jpg,259,,
80,93,PILOT/GSV_PILOT_93_4.jpg,349,,
10001,9999,Training/golden_1.jpg,263,,
10002,9999,Training/golden_2.jpg,353,,
10003,9999,Training/golden_3.jpg,83,,
10004,9999,Training/golden_4.jpg,173,,
10005,-1,Training/golden_5.jpg,0,,
81,201,PILOT/GSV_PILOT_201_1.jpg,262,,
82,201,PILOT/GSV_PILOT_201_2.jpg,352,,
83,201,PILOT/GSV_PILOT_201_3.jpg,82,,
84,201,PILOT/GSV_PILOT_201_4.jpg,172,,
85,202,PILOT/GSV_PILOT_202_1.jpg,334,,
86,202,PILOT/GSV_PILOT_202_2.jpg,64,,
87,202,PILOT/GSV_PILOT_202_3.jpg,154,,
88,202,PILOT/GSV_PILOT_202_4.jpg,244,,
89,203,PILOT/GSV_PILOT_203_1.jpg,305,,
90,203,PILOT/GSV_PILOT_203_2.jpg,35,,
91,203,PILOT/GSV_PILOT_203_3.jpg,125,,
92,203,PILOT/GSV_PILOT_203_4.jpg,215,,
93,205,PILOT/GSV_PILOT_205_1.jpg,69,,
94,205,PILOT/GSV_PILOT_205_2.jpg,159,,
95,205,PILOT/GSV_PILOT_205_3.jpg,249,,
96,205,PILOT/GSV_PILOT_205_4.jpg,339,,
97,206,PILOT/GSV_PILOT_206_1.jpg,235,,
98,206,PILOT/GSV_PILOT_206_2.jpg,325,,
99,206,PILOT/GSV_PILOT_206_3.jpg,55,,
100,206,PILOT/GSV_PILOT_206_4.jpg,145,,
101,208,PILOT/GSV_PILOT_208_1.jpg,327,,
102,208,PILOT/GSV_PILOT_208_2.jpg,57,,
103,208,PILOT/GSV_PILOT_208_3.jpg,147,,
104,208,PILOT/GSV_PILOT_208_4.jpg,237,,
105,209,PILOT/GSV_PILOT_209_1.jpg,1,,
106,209,PILOT/GSV_PILOT_209_2.jpg,91,,
107,209,PILOT/GSV_PILOT_209_3.jpg,181,,
108,209,PILOT/GSV_PILOT_209_4.jpg,271,,
109,210,PILOT/GSV_PILOT_210_1.jpg,100,,
110,210,PILOT/GSV_PILOT_210_2.jpg,190,,
111,210,PILOT/GSV_PILOT_210_3.jpg,280,,
112,210,PILOT/GSV_PILOT_210_4.jpg,10,,
113,212,PILOT/GSV_PILOT_212_1.jpg,262,,
114,212,PILOT/GSV_PILOT_212_2.jpg,352,,
115,212,PILOT/GSV_PILOT_212_3.jpg,82,,
116,212,PILOT/GSV_PILOT_212_4.jpg,172,,
117,213,PILOT/GSV_PILOT_213_1.jpg,189,,
118,213,PILOT/GSV_PILOT_213_2.jpg,279,,
119,213,PILOT/GSV_PILOT_213_3.jpg,9,,
120,213,PILOT/GSV_PILOT_213_4.jpg,99,,
121,215,PILOT/GSV_PILOT_215_1.jpg,247,,
122,215,PILOT/GSV_PILOT_215_2.jpg,337,,
123,215,PILOT/GSV_PILOT_215_3.jpg,67,,
124,215,PILOT/GSV_PILOT_215_4.jpg,157,,
125,216,PILOT/GSV_PILOT_216_1.jpg,76,,
126,216,PILOT/GSV_PILOT_216_2.jpg,166,,
127,216,PILOT/GSV_PILOT_216_3.jpg,256,,
128,216,PILOT/GSV_PILOT_216_4.jpg,346,,
129,217,PILOT/GSV_PILOT_217_1.jpg,222,,
130,217,PILOT/GSV_PILOT_217_2.jpg,312,,
131,217,PILOT/GSV_PILOT_217_3.jpg,42,,
132,217,PILOT/GSV_PILOT_217_4.jpg,132,,
133,220,PILOT/GSV_PILOT_220_1.jpg,76,,
134,220,PILOT/GSV_PILOT_220_2.jpg,166,,
135,220,PILOT/GSV_PILOT_220_3.jpg,256,,
136,220,PILOT/GSV_PILOT_220_4.jpg,346,,
137,221,PILOT/GSV_PILOT_221_1.jpg,49,,
138,221,PILOT/GSV_PILOT_221_2.jpg,139,,
139,221,PILOT/GSV_PILOT_221_3.jpg,229,,
140,221,PILOT/GSV_PILOT_221_4.jpg,319,,
141,222,PILOT/GSV_PILOT_222_1.jpg,56,,
142,222,PILOT/GSV_PILOT_222_2.jpg,146,,
143,222,PILOT/GSV_PILOT_222_3.jpg,236,,
144,222,PILOT/GSV_PILOT_222_4.jpg,326,,
145,223,PILOT/GSV_PILOT_223_1.jpg,29,,
146,223,PILOT/GSV_PILOT_223_2.jpg,119,,
147,223,PILOT/GSV_PILOT_223_3.jpg,209,,
148,223,PILOT/GSV_PILOT_223_4.jpg,299,,
149,224,PILOT/GSV_PILOT_224_1.jpg,346,,
150,224,PILOT/GSV_PILOT_224_2.jpg,76,,
151,224,PILOT/GSV_PILOT_224_3.jpg,166,,
152,224,PILOT/GSV_PILOT_224_4.jpg,256,,
153,225,PILOT/GSV_PILOT_225_1.jpg,59,,
154,225,PILOT/GSV_PILOT_225_2.jpg,149,,
155,225,PILOT/GSV_PILOT_225_3.jpg,239,,
156,225,PILOT/GSV_PILOT_225_4.jpg,329,,
157,226,PILOT/GSV_PILOT_226_1.jpg,333,,
158,226,PILOT/GSV_PILOT_226_2.jpg,63,,
159,226,PILOT/GSV_PILOT_226_3.jpg,153,,
160,226,PILOT/GSV_PILOT_226_4.jpg,243,,
161,228,PILOT/GSV_PILOT_228_1.jpg,111,,
162,228,PILOT/GSV_PILOT_228_2.jpg,201,,
163,228,PILOT/GSV_PILOT_228_3.jpg,291,,
164,228,PILOT/GSV_PILOT_228_4.jpg,21,,
165,229,PILOT/GSV_PILOT_229_1.jpg,187,,
166,229,PILOT/GSV_PILOT_229_2.jpg,277,,
167,229,PILOT/GSV_PILOT_229_3.jpg,7,,
168,229,PILOT/GSV_PILOT_229_4.jpg,97,,
169,251,PILOT/GSV_PILOT_251_1.jpg,263,,
170,251,PILOT/GSV_PILOT_251_2.jpg,353,,
171,251,PILOT/GSV_PILOT_251_3.jpg,83,,
172,251,PILOT/GSV_PILOT_251_4.jpg,173,,
173,252,PILOT/GSV_PILOT_252_1.jpg,311,,
174,252,PILOT/GSV_PILOT_252_2.jpg,41,,
175,252,PILOT/GSV_PILOT_252_3.jpg,131,,
176,252,PILOT/GSV_PILOT_252_4.jpg,221,,
177,253,PILOT/GSV_PILOT_253_1.jpg,194,,
178,253,PILOT/GSV_PILOT_253_2.jpg,284,,
179,253,PILOT/GSV_PILOT_253_3.jpg,14,,
180,253,PILOT/GSV_PILOT_253_4.jpg,104,,
181,271,PILOT/GSV_PILOT_271_1.jpg,325,,
182,271,PILOT/GSV_PILOT_271_2.jpg,55,,
183,271,PILOT/GSV_PILOT_271_3.jpg,145,,
184,271,PILOT/GSV_PILOT_271_4.jpg,235,,
185,272,PILOT/GSV_PILOT_272_1.jpg,49,,
186,272,PILOT/GSV_PILOT_272_2.jpg,139,,
187,272,PILOT/GSV_PILOT_272_3.jpg,229,,
188,272,PILOT/GSV_PILOT_272_4.jpg,319,,
189,273,PILOT/GSV_PILOT_273_1.jpg,98,,
190,273,PILOT/GSV_PILOT_273_2.jpg,188,,
191,273,PILOT/GSV_PILOT_273_3.jpg,278,,
192,273,PILOT/GSV_PILOT_273_4.jpg,8,,
193,274,PILOT/GSV_PILOT_274_1.jpg,189,,
194,274,PILOT/GSV_PILOT_274_2.jpg,279,,
195,274,PILOT/GSV_PILOT_274_3.jpg,9,,
196,274,PILOT/GSV_PILOT_274_4.jpg,99,,
197,277,PILOT/GSV_PILOT_277_1.jpg,98,,
198,277,PILOT/GSV_PILOT_277_2.jpg,188,,
199,277,PILOT/GSV_PILOT_277_3.jpg,278,,
200,277,PILOT/GSV_PILOT_277_4.jpg,8,,
201,304,PILOT/GSV_PILOT_304_1.jpg,279,,
202,304,PILOT/GSV_PILOT_304_2.jpg,9,,
203,304,PILOT/GSV_PILOT_304_3.jpg,99,,
204,304,PILOT/GSV_PILOT_304_4.jpg,189,,
205,307,PILOT/GSV_PILOT_307_1.jpg,125,,
206,307,PILOT/GSV_PILOT_307_2.jpg,215,,
207,307,PILOT/GSV_PILOT_307_3.jpg,305,,
208,307,PILOT/GSV_PILOT_307_4.jpg,35,,
209,308,PILOT/GSV_PILOT_308_1.jpg,274,,
210,308,PILOT/GSV_PILOT_308_2.jpg,4,,
211,308,PILOT/GSV_PILOT_308_3.jpg,94,,
212,308,PILOT/GSV_PILOT_308_4.jpg,184,,
213,310,PILOT/GSV_PILOT_310_1.jpg,338,,
214,310,PILOT/GSV_PILOT_310_2.jpg,68,,
215,310,PILOT/GSV_PILOT_310_3.jpg,158,,
216,310,PILOT/GSV_PILOT_310_4.jpg,248,,
217,311,PILOT/GSV_PILOT_311_1.jpg,0,,
218,311,PILOT/GSV_PILOT_311_2.jpg,90,,
219,311,PILOT/GSV_PILOT_311_3.jpg,180,,
220,311,PILOT/GSV_PILOT_311_4.jpg,270,,
221,313,PILOT/GSV_PILOT_313_1.jpg,192,,
222,313,PILOT/GSV_PILOT_313_2.jpg,282,,
223,313,PILOT/GSV_PILOT_313_3.jpg,12,,
224,313,PILOT/GSV_PILOT_313_4.jpg,102,,
225,314,PILOT/GSV_PILOT_314_1.jpg,114,,
226,314,PILOT/GSV_PILOT_314_2.jpg,204,,
227,314,PILOT/GSV_PILOT_314_3.jpg,294,,
228,314,PILOT/GSV_PILOT_314_4.jpg,24,,
229,315,PILOT/GSV_PILOT_315_1.jpg,214,,
230,315,PILOT/GSV_PILOT_315_2.jpg,304,,
231,315,PILOT/GSV_PILOT_315_3.jpg,34,,
232,315,PILOT/GSV_PILOT_315_4.jpg,124,,
233,319,PILOT/GSV_PILOT_319_1.jpg,346,,
234,319,PILOT/GSV_PILOT_319_2.jpg,76,,
235,319,PILOT/GSV_PILOT_319_3.jpg,166,,
236,319,PILOT/GSV_PILOT_319_4.jpg,256,,
237,320,PILOT/GSV_PILOT_320_1.jpg,119,,
238,320,PILOT/GSV_PILOT_320_2.jpg,209,,
239,320,PILOT/GSV_PILOT_320_3.jpg,299,,
240,320,PILOT/GSV_PILOT_320_4.jpg,29,,
241,322,PILOT/GSV_PILOT_322_1.jpg,248,,
242,322,PILOT/GSV_PILOT_322_2.jpg,338,,
243,322,PILOT/GSV_PILOT_322_3.jpg,68,,
244,322,PILOT/GSV_PILOT_322_4.jpg,158,,
245,323,PILOT/GSV_PILOT_323_1.jpg,272,,
246,323,PILOT/GSV_PILOT_323_2.jpg,2,,
247,323,PILOT/GSV_PILOT_323_3.jpg,92,,
248,323,PILOT/GSV_PILOT_323_4.jpg,182,,
249,324,PILOT/GSV_PILOT_324_1.jpg,251,,
250,324,PILOT/GSV_PILOT_324_2.jpg,341,,
251,324,PILOT/GSV_PILOT_324_3.jpg,71,,
252,324,PILOT/GSV_PILOT_324_4.jpg,161,,
253,326,PILOT/GSV_PILOT_326_1.jpg,65,,
254,326,PILOT/GSV_PILOT_326_2.jpg,155,,
255,326,PILOT/GSV_PILOT_326_3.jpg,245,,
256,326,PILOT/GSV_PILOT_326_4.jpg,335,,
257,328,PILOT/GSV_PILOT_328_1.jpg,239,,
258,328,PILOT/GSV_PILOT_328_2.jpg,329,,
259,328,PILOT/GSV_PILOT_328_3.jpg,59,,
260,328,PILOT/GSV_PILOT_328_4.jpg,149,,
261,329,PILOT/GSV_PILOT_329_1.jpg,124,,
262,329,PILOT/GSV_PILOT_329_2.jpg,214,,
263,329,PILOT/GSV_PILOT_329_3.jpg,304,,
264,329,PILOT/GSV_PILOT_329_4.jpg,34,,
265,330,PILOT/GSV_PILOT_330_1.jpg,56,,
266,330,PILOT/GSV_PILOT_330_2.jpg,146,,
267,330,PILOT/GSV_PILOT_330_3.jpg,236,,
268,330,PILOT/GSV_PILOT_330_4.jpg,326,,
269,331,PILOT/GSV_PILOT_331_1.jpg,133,,
270,331,PILOT/GSV_PILOT_331_2.jpg,223,,
271,331,PILOT/GSV_PILOT_331_3.jpg,313,,
272,331,PILOT/GSV_PILOT_331_4.jpg,43,,
273,333,PILOT/GSV_PILOT_333_1.jpg,277,,
274,333,PILOT/GSV_PILOT_333_2.jpg,7,,
275,333,PILOT/GSV_PILOT_333_3.jpg,97,,
276,333,PILOT/GSV_PILOT_333_4.jpg,187,,
277,334,PILOT/GSV_PILOT_334_1.jpg,59,,
278,334,PILOT/GSV_PILOT_334_2.jpg,149,,
279,334,PILOT/GSV_PILOT_334_3.jpg,239,,
280,334,PILOT/GSV_PILOT_334_4.jpg,329,,
281,335,PILOT/GSV_PILOT_335_1.jpg,127,,
282,335,PILOT/GSV_PILOT_335_2.jpg,217,,
283,335,PILOT/GSV_PILOT_335_3.jpg,307,,
284,335,PILOT/GSV_PILOT_335_4.jpg,37,,
285,336,PILOT/GSV_PILOT_336_1.jpg,324,,
286,336,PILOT/GSV_PILOT_336_2.jpg,54,,
287,336,PILOT/GSV_PILOT_336_3.jpg,144,,
288,336,PILOT/GSV_PILOT_336_4.jpg,234,,
289,337,PILOT/GSV_PILOT_337_1.jpg,172,,
290,337,PILOT/GSV_PILOT_337_2.jpg,262,,
291,337,PILOT/GSV_PILOT_337_3.jpg,352,,
292,337,PILOT/GSV_PILOT_337_4.jpg,82,,
293,338,PILOT/GSV_PILOT_338_1.jpg,314,,
294,338,PILOT/GSV_PILOT_338_2.jpg,44,,
295,338,PILOT/GSV_PILOT_338_3.jpg,134,,
296,338,PILOT/GSV_PILOT_338_4.jpg,224,,
297,341,PILOT/GSV_PILOT_341_1.jpg,218,,
298,341,PILOT/GSV_PILOT_341_2.jpg,308,,
299,341,PILOT/GSV_PILOT_341_3.jpg,38,,
300,341,PILOT/GSV_PILOT_341_4.jpg,128,,
301,342,PILOT/GSV_PILOT_342_1.jpg,8,,
302,342,PILOT/GSV_PILOT_342_2.jpg,98,,
303,342,PILOT/GSV_PILOT_342_3.jpg,188,,
304,342,PILOT/GSV_PILOT_342_4.jpg,278,,
305,343,PILOT/GSV_PILOT_343_1.jpg,205,,
306,343,PILOT/GSV_PILOT_343_2.jpg,295,,
307,343,PILOT/GSV_PILOT_343_3.jpg,25,,
308,343,PILOT/GSV_PILOT_343_4.jpg,115,,
309,344,PILOT/GSV_PILOT_344_1.jpg,37,,
310,344,PILOT/GSV_PILOT_344_2.jpg,127,,
311,344,PILOT/GSV_PILOT_344_3.jpg,217,,
312,344,PILOT/GSV_PILOT_344_4.jpg,307,,
313,345,PILOT/GSV_PILOT_345_1.jpg,86,,
314,345,PILOT/GSV_PILOT_345_2.jpg,176,,
315,345,PILOT/GSV_PILOT_345_3.jpg,266,,
316,345,PILOT/GSV_PILOT_345_4.jpg,356,,
317,346,PILOT/GSV_PILOT_346_1.jpg,115,,
318,346,PILOT/GSV_PILOT_346_2.jpg,205,,
319,346,PILOT/GSV_PILOT_346_3.jpg,295,,
320,346,PILOT/GSV_PILOT_346_4.jpg,25,,
321,402,PILOT/GSV_PILOT_402_1.jpg,279,,
322,402,PILOT/GSV_PILOT_402_2.jpg,9,,
323,402,PILOT/GSV_PILOT_402_3.jpg,99,,
324,402,PILOT/GSV_PILOT_402_4.jpg,189,,
325,405,PILOT/GSV_PILOT_405_1.jpg,91,,
326,405,PILOT/GSV_PILOT_405_2.jpg,181,,
327,405,PILOT/GSV_PILOT_405_3.jpg,271,,
328,405,PILOT/GSV_PILOT_405_4.jpg,1,,
329,407,PILOT/GSV_PILOT_407_1.jpg,106,,
330,407,PILOT/GSV_PILOT_407_2.jpg,196,,
331,407,PILOT/GSV_PILOT_407_3.jpg,286,,
332,407,PILOT/GSV_PILOT_407_4.jpg,16,,
333,409,PILOT/GSV_PILOT_409_1.jpg,201,,
334,409,PILOT/GSV_PILOT_409_2.jpg,291,,
335,409,PILOT/GSV_PILOT_409_3.jpg,21,,
336,409,PILOT/GSV_PILOT_409_4.jpg,111,,
337,414,PILOT/GSV_PILOT_414_1.jpg,78,,
338,414,PILOT/GSV_PILOT_414_2.jpg,168,,
339,414,PILOT/GSV_PILOT_414_3.jpg,258,,
340,414,PILOT/GSV_PILOT_414_4.jpg,348,,
341,415,PILOT/GSV_PILOT_415_1.jpg,43,,
342,415,PILOT/GSV_PILOT_415_2.jpg,133,,
343,415,PILOT/GSV_PILOT_415_3.jpg,223,,
344,415,PILOT/GSV_PILOT_415_4.jpg,313,,
345,416,PILOT/GSV_PILOT_416_1.jpg,27,,
346,416,PILOT/GSV_PILOT_416_2.jpg,117,,
347,416,PILOT/GSV_PILOT_416_3.jpg,207,,
348,416,PILOT/GSV_PILOT_416_4.jpg,297,,
349,418,PILOT/GSV_PILOT_418_1.jpg,179,,
350,418,PILOT/GSV_PILOT_418_2.jpg,269,,
351,418,PILOT/GSV_PILOT_418_3.jpg,359,,
352,418,PILOT/GSV_PILOT_418_4.jpg,89,,
353,421,PILOT/GSV_PILOT_421_1.jpg,115,,
354,421,PILOT/GSV_PILOT_421_2.jpg,205,,
355,421,PILOT/GSV_PILOT_421_3.jpg,295,,
356,421,PILOT/GSV_PILOT_421_4.jpg,25,,
357,422,PILOT/GSV_PILOT_422_1.jpg,316,,
358,422,PILOT/GSV_PILOT_422_2.jpg,46,,
359,422,PILOT/GSV_PILOT_422_3.jpg,136,,
360,422,PILOT/GSV_PILOT_422_4.jpg,226,,
361,425,PILOT/GSV_PILOT_425_1.jpg,290,,
362,425,PILOT/GSV_PILOT_425_2.jpg,20,,
363,425,PILOT/GSV_PILOT_425_3.jpg,110,,
364,425,PILOT/GSV_PILOT_425_4.jpg,200,,
365,426,PILOT/GSV_PILOT_426_1.jpg,142,,
366,426,PILOT/GSV_PILOT_426_2.jpg,232,,
367,426,PILOT/GSV_PILOT_426_3.jpg,322,,
368,426,PILOT/GSV_PILOT_426_4.jpg,52,,
369,427,PILOT/GSV_PILOT_427_1.jpg,218,,
370,427,PILOT/GSV_PILOT_427_2.jpg,308,,
371,427,PILOT/GSV_PILOT_427_3.jpg,38,,
372,427,PILOT/GSV_PILOT_427_4.jpg,128,,
373,428,PILOT/GSV_PILOT_428_1.jpg,48,,
374,428,PILOT/GSV_PILOT_428_2.jpg,138,,
375,428,PILOT/GSV_PILOT_428_3.jpg,228,,
376,428,PILOT/GSV_PILOT_428_4.jpg,318,,
377,429,PILOT/GSV_PILOT_429_1.jpg,91,,
378,429,PILOT/GSV_PILOT_429_2.jpg,181,,
379,429,PILOT/GSV_PILOT_429_3.jpg,271,,
380,429,PILOT/GSV_PILOT_429_4.jpg,1,,
381,430,PILOT/GSV_PILOT_430_1.jpg,181,,
382,430,PILOT/GSV_PILOT_430_2.jpg,271,,
383,430,PILOT/GSV_PILOT_430_3.jpg,1,,
384,430,PILOT/GSV_PILOT_430_4.jpg,91,,
385,432,PILOT/GSV_PILOT_432_1.jpg,217,,
386,432,PILOT/GSV_PILOT_432_2.jpg,307,,
387,432,PILOT/GSV_PILOT_432_3.jpg,37,,
388,432,PILOT/GSV_PILOT_432_4.jpg,127,,
389,434,PILOT/GSV_PILOT_434_1.jpg,342,,
390,434,PILOT/GSV_PILOT_434_2.jpg,72,,
391,434,PILOT/GSV_PILOT_434_3.jpg,162,,
392,434,PILOT/GSV_PILOT_434_4.jpg,252,,
393,436,PILOT/GSV_PILOT_436_1.jpg,63,,
394,436,PILOT/GSV_PILOT_436_2.jpg,153,,
395,436,PILOT/GSV_PILOT_436_3.jpg,243,,
396,436,PILOT/GSV_PILOT_436_4.jpg,333,,
397,437,PILOT/GSV_PILOT_437_1.jpg,17,,
398,437,PILOT/GSV_PILOT_437_2.jpg,107,,
399,437,PILOT/GSV_PILOT_437_3.jpg,197,,
400,437,PILOT/GSV_PILOT_437_4.jpg,287,,
401,438,PILOT/GSV_PILOT_438_1.jpg,46,,
402,438,PILOT/GSV_PILOT_438_2.jpg,136,,
403,438,PILOT/GSV_PILOT_438_3.jpg,226,,
404,438,PILOT/GSV_PILOT_438_4.jpg,316,,
405,439,PILOT/GSV_PILOT_439_1.jpg,139,,
406,439,PILOT/GSV_PILOT_439_2.jpg,229,,
407,439,PILOT/GSV_PILOT_439_3.jpg,319,,
408,439,PILOT/GSV_PILOT_439_4.jpg,49,,
409,443,PILOT/GSV_PILOT_443_1.jpg,45,,
410,443,PILOT/GSV_PILOT_443_2.jpg,135,,
411,443,PILOT/GSV_PILOT_443_3.jpg,225,,
412,443,PILOT/GSV_PILOT_443_4.jpg,315,,
413,444,PILOT/GSV_PILOT_444_1.jpg,358,,
414,444,PILOT/GSV_PILOT_444_2.jpg,88,,
415,444,PILOT/GSV_PILOT_444_3.jpg,178,,
416,444,PILOT/GSV_PILOT_444_4.jpg,268,,
417,448,PILOT/GSV_PILOT_448_1.jpg,301,,
418,448,PILOT/GSV_PILOT_448_2.jpg,31,,
419,448,PILOT/GSV_PILOT_448_3.jpg,121,,
420,448,PILOT/GSV_PILOT_448_4.jpg,211,,
421,449,PILOT/GSV_PILOT_449_1.jpg,21,,
422,449,PILOT/GSV_PILOT_449_2.jpg,111,,
423,449,PILOT/GSV_PILOT_449_3.jpg,201,,
424,449,PILOT/GSV_PILOT_449_4.jpg,291,,
425,453,PILOT/GSV_PILOT_453_1.jpg,130,,
426,453,PILOT/GSV_PILOT_453_2.jpg,220,,
427,453,PILOT/GSV_PILOT_453_3.jpg,310,,
428,453,PILOT/GSV_PILOT_453_4.jpg,40,,
429,454,PILOT/GSV_PILOT_454_1.jpg,189,,
430,454,PILOT/GSV_PILOT_454_2.jpg,279,,
431,454,PILOT/GSV_PILOT_454_3.jpg,9,,
432,454,PILOT/GSV_PILOT_454_4.jpg,99,,
433,459,PILOT/GSV_PILOT_459_1.jpg,337,,
434,459,PILOT/GSV_PILOT_459_2.jpg,67,,
435,459,PILOT/GSV_PILOT_459_3.jpg,157,,
436,459,PILOT/GSV_PILOT_459_4.jpg,247,,
437,465,PILOT/GSV_PILOT_465_1.jpg,257,,
438,465,PILOT/GSV_PILOT_465_2.jpg,347,,
439,465,PILOT/GSV_PILOT_465_3.jpg,77,,
440,465,PILOT/GSV_PILOT_465_4.jpg,167,,
441,466,PILOT/GSV_PILOT_466_1.jpg,86,,
442,466,PILOT/GSV_PILOT_466_2.jpg,176,,
443,466,PILOT/GSV_PILOT_466_3.jpg,266,,
444,466,PILOT/GSV_PILOT_466_4.jpg,356,,
445,467,PILOT/GSV_PILOT_467_1.jpg,138,,
446,467,PILOT/GSV_PILOT_467_2.jpg,228,,
447,467,PILOT/GSV_PILOT_467_3.jpg,318,,
448,467,PILOT/GSV_PILOT_467_4.jpg,48,,
449,472,PILOT/GSV_PILOT_472_1.jpg,118,,
450,472,PILOT/GSV_PILOT_472_2.jpg,208,,
451,472,PILOT/GSV_PILOT_472_3.jpg,298,,
452,472,PILOT/GSV_PILOT_472_4.jpg,28,,
453,473,PILOT/GSV_PILOT_473_1.jpg,277,,
454,473,PILOT/GSV_PILOT_473_2.jpg,7,,
455,473,PILOT/GSV_PILOT_473_3.jpg,97,,
456,473,PILOT/GSV_PILOT_473_4.jpg,187,,
457,476,PILOT/GSV_PILOT_476_1.jpg,302,,
458,476,PILOT/GSV_PILOT_476_2.jpg,32,,
459,476,PILOT/GSV_PILOT_476_3.jpg,122,,
460,476,PILOT/GSV_PILOT_476_4.jpg,212,,
461,477,PILOT/GSV_PILOT_477_1.jpg,136,,
462,477,PILOT/GSV_PILOT_477_2.jpg,226,,
463,477,PILOT/GSV_PILOT_477_3.jpg,316,,
464,477,PILOT/GSV_PILOT_477_4.jpg,46,,
465,479,PILOT/GSV_PILOT_479_1.jpg,136,,
466,479,PILOT/GSV_PILOT_479_2.jpg,226,,
467,479,PILOT/GSV_PILOT_479_3.jpg,316,,
468,479,PILOT/GSV_PILOT_479_4.jpg,46,,
469,481,PILOT/GSV_PILOT_481_1.jpg,50,,
470,481,PILOT/GSV_PILOT_481_2.jpg,140,,
471,481,PILOT/GSV_PILOT_481_3.jpg,230,,
472,481,PILOT/GSV_PILOT_481_4.jpg,320,,
473,484,PILOT/GSV_PILOT_484_1.jpg,29,,
474,484,PILOT/GSV_PILOT_484_2.jpg,119,,
475,484,PILOT/GSV_PILOT_484_3.jpg,209,,
476,484,PILOT/GSV_PILOT_484_4.jpg,299,,
477,485,PILOT/GSV_PILOT_485_1.jpg,40,,
478,485,PILOT/GSV_PILOT_485_2.jpg,130,,
479,485,PILOT/GSV_PILOT_485_3.jpg,220,,
480,485,PILOT/GSV_PILOT_485_4.jpg,310,,
481,492,PILOT/GSV_PILOT_492_1.jpg,322,,
482,492,PILOT/GSV_PILOT_492_2.jpg,52,,
483,492,PILOT/GSV_PILOT_492_3.jpg,142,,
484,492,PILOT/GSV_PILOT_492_4.jpg,232,,
485,496,PILOT/GSV_PILOT_496_1.jpg,187,,
486,496,PILOT/GSV_PILOT_496_2.jpg,277,,
487,496,PILOT/GSV_PILOT_496_3.jpg,7,,
488,496,PILOT/GSV_PILOT_496_4.jpg,97,,
489,497,PILOT/GSV_PILOT_497_1.jpg,114,,
490,497,PILOT/GSV_PILOT_497_2.jpg,204,,
491,497,PILOT/GSV_PILOT_497_3.jpg,294,,
492,497,PILOT/GSV_PILOT_497_4.jpg,24,,
493,499,PILOT/GSV_PILOT_499_1.jpg,187,,
494,499,PILOT/GSV_PILOT_499_2.jpg,277,,
495,499,PILOT/GSV_PILOT_499_3.jpg,7,,
496,499,PILOT/GSV_PILOT_499_4.jpg,97,,
497,500,PILOT/GSV_PILOT_500_1.jpg,205,,
498,500,PILOT/GSV_PILOT_500_2.jpg,295,,
499,500,PILOT/GSV_PILOT_500_3.jpg,25,,
500,500,PILOT/GSV_PILOT_500_4.jpg,115,,
501,503,PILOT/GSV_PILOT_503_1.jpg,144,,
502,503,PILOT/GSV_PILOT_503_2.jpg,234,,
503,503,PILOT/GSV_PILOT_503_3.jpg,324,,
504,503,PILOT/GSV_PILOT_503_4.jpg,54,,
505,507,PILOT/GSV_PILOT_507_1.jpg,234,,
506,507,PILOT/GSV_PILOT_507_2.jpg,324,,
507,507,PILOT/GSV_PILOT_507_3.jpg,54,,
508,507,PILOT/GSV_PILOT_507_4.jpg,144,,
509,508,PILOT/GSV_PILOT_508_1.jpg,311,,
510,508,PILOT/GSV_PILOT_508_2.jpg,41,,
511,508,PILOT/GSV_PILOT_508_3.jpg,131,,
512,508,PILOT/GSV_PILOT_508_4.jpg,221,,
513,511,PILOT/GSV_PILOT_511_1.jpg,15,,
514,511,PILOT/GSV_PILOT_511_2.jpg,105,,
515,511,PILOT/GSV_PILOT_511_3.jpg,195,,
516,511,PILOT/GSV_PILOT_511_4.jpg,285,,
517,512,PILOT/GSV_PILOT_512_1.jpg,335,,
518,512,PILOT/GSV_PILOT_512_2.jpg,65,,
519,512,PILOT/GSV_PILOT_512_3.jpg,155,,
520,512,PILOT/GSV_PILOT_512_4.jpg,245,,
521,514,PILOT/GSV_PILOT_514_1.jpg,73,,
522,514,PILOT/GSV_PILOT_514_2.jpg,163,,
523,514,PILOT/GSV_PILOT_514_3.jpg,253,,
524,514,PILOT/GSV_PILOT_514_4.jpg,343,,
525,515,PILOT/GSV_PILOT_515_1.jpg,237,,
526,515,PILOT/GSV_PILOT_515_2.jpg,327,,
527,515,PILOT/GSV_PILOT_515_3.jpg,57,,
528,515,PILOT/GSV_PILOT_515_4.jpg,147,,
529,516,PILOT/GSV_PILOT_516_1.jpg,322,,
530,516,PILOT/GSV_PILOT_516_2.jpg,52,,
531,516,PILOT/GSV_PILOT_516_3.jpg,142,,
532,516,PILOT/GSV_PILOT_516_4.jpg,232,,
533,517,PILOT/GSV_PILOT_517_1.jpg,74,,
534,517,PILOT/GSV_PILOT_517_2.jpg,164,,
535,517,PILOT/GSV_PILOT_517_3.jpg,254,,
536,517,PILOT/GSV_PILOT_517_4.jpg,344,,
537,520,PILOT/GSV_PILOT_520_1.jpg,127,,
538,520,PILOT/GSV_PILOT_520_2.jpg,217,,
539,520,PILOT/GSV_PILOT_520_3.jpg,307,,
540,520,PILOT/GSV_PILOT_520_4.jpg,37,,
541,523,PILOT/GSV_PILOT_523_1.jpg,87,,
542,523,PILOT/GSV_PILOT_523_2.jpg,177,,
543,523,PILOT/GSV_PILOT_523_3.jpg,267,,
544,523,PILOT/GSV_PILOT_523_4.jpg,357,,
545,527,PILOT/GSV_PILOT_527_1.jpg,345,,
546,527,PILOT/GSV_PILOT_527_2.jpg,75,,
547,527,PILOT/GSV_PILOT_527_3.jpg,165,,
548,527,PILOT/GSV_PILOT_527_4.jpg,255,,
549,529,PILOT/GSV_PILOT_529_1.jpg,113,,
550,529,PILOT/GSV_PILOT_529_2.jpg,203,,
551,529,PILOT/GSV_PILOT_529_3.jpg,293,,
552,529,PILOT/GSV_PILOT_529_4.jpg,23,,
553,530,PILOT/GSV_PILOT_530_1.jpg,154,,
554,530,PILOT/GSV_PILOT_530_2.jpg,244,,
555,530,PILOT/GSV_PILOT_530_3.jpg,334,,
556,530,PILOT/GSV_PILOT_530_4.jpg,64,,
557,533,PILOT/GSV_PILOT_533_1.jpg,62,,
558,533,PILOT/GSV_PILOT_533_2.jpg,152,,
559,533,PILOT/GSV_PILOT_533_3.jpg,242,,
560,533,PILOT/GSV_PILOT_533_4.jpg,332,,
561,536,PILOT/GSV_PILOT_536_1.jpg,252,,
562,536,PILOT/GSV_PILOT_536_2.jpg,342,,
563,536,PILOT/GSV_PILOT_536_3.jpg,72,,
564,536,PILOT/GSV_PILOT_536_4.jpg,162,,
565,538,PILOT/GSV_PILOT_538_1.jpg,99,,
566,538,PILOT/GSV_PILOT_538_2.jpg,189,,
567,538,PILOT/GSV_PILOT_538_3.jpg,279,,
568,538,PILOT/GSV_PILOT_538_4.jpg,9,,
569,539,PILOT/GSV_PILOT_539_1.jpg,140,,
570,539,PILOT/GSV_PILOT_539_2.jpg,230,,
571,539,PILOT/GSV_PILOT_539_3.jpg,320,,
572,539,PILOT/GSV_PILOT_539_4.jpg,50,,
573,540,PILOT/GSV_PILOT_540_1.jpg,262,,
574,540,PILOT/GSV_PILOT_540_2.jpg,352,,
575,540,PILOT/GSV_PILOT_540_3.jpg,82,,
576,540,PILOT/GSV_PILOT_540_4.jpg,172,,
577,547,PILOT/GSV_PILOT_547_1.jpg,205,,
578,547,PILOT/GSV_PILOT_547_2.jpg,295,,
579,547,PILOT/GSV_PILOT_547_3.jpg,25,,
580,547,PILOT/GSV_PILOT_547_4.jpg,115,,
581,548,PILOT/GSV_PILOT_548_1.jpg,192,,
582,548,PILOT/GSV_PILOT_548_2.jpg,282,,
583,548,PILOT/GSV_PILOT_548_3.jpg,12,,
584,548,PILOT/GSV_PILOT_548_4.jpg,102,,
585,555,PILOT/GSV_PILOT_555_1.jpg,40,,
586,555,PILOT/GSV_PILOT_555_2.jpg,130,,
587,555,PILOT/GSV_PILOT_555_3.jpg,220,,
588,555,PILOT/GSV_PILOT_555_4.jpg,310,,
589,556,PILOT/GSV_PILOT_556_1.jpg,180,,
590,556,PILOT/GSV_PILOT_556_2.jpg,270,,
591,556,PILOT/GSV_PILOT_556_3.jpg,0,,
592,556,PILOT/GSV_PILOT_556_4.jpg,90,,
593,559,PILOT/GSV_PILOT_559_1.jpg,97,,
594,559,PILOT/GSV_PILOT_559_2.jpg,187,,
595,559,PILOT/GSV_PILOT_559_3.jpg,277,,
596,559,PILOT/GSV_PILOT_559_4.jpg,7,,
597,561,PILOT/GSV_PILOT_561_1.jpg,82,,
598,561,PILOT/GSV_PILOT_561_2.jpg,172,,
599,561,PILOT/GSV_PILOT_561_3.jpg,262,,
600,561,PILOT/GSV_PILOT_561_4.jpg,352,,
601,564,PILOT/GSV_PILOT_564_1.jpg,146,,
602,564,PILOT/GSV_PILOT_564_2.jpg,236,,
603,564,PILOT/GSV_PILOT_564_3.jpg,326,,
604,564,PILOT/GSV_PILOT_564_4.jpg,56,,
605,567,PILOT/GSV_PILOT_567_1.jpg,267,,
606,567,PILOT/GSV_PILOT_567_2.jpg,357,,
607,567,PILOT/GSV_PILOT_567_3.jpg,87,,
608,567,PILOT/GSV_PILOT_567_4.jpg,177,,
609,569,PILOT/GSV_PILOT_569_1.jpg,188,,
610,569,PILOT/GSV_PILOT_569_2.jpg,278,,
611,569,PILOT/GSV_PILOT_569_3.jpg,8,,
612,569,PILOT/GSV_PILOT_569_4.jpg,98,,
613,570,PILOT/GSV_PILOT_570_1.jpg,48,,
614,570,PILOT/GSV_PILOT_570_2.jpg,138,,
615,570,PILOT/GSV_PILOT_570_3.jpg,228,,
616,570,PILOT/GSV_PILOT_570_4.jpg,318,,
617,578,PILOT/GSV_PILOT_578_1.jpg,294,,
618,578,PILOT/GSV_PILOT_578_2.jpg,24,,
619,578,PILOT/GSV_PILOT_578_3.jpg,114,,
620,578,PILOT/GSV_PILOT_578_4.jpg,204,,
621,579,PILOT/GSV_PILOT_579_1.jpg,105,,
622,579,PILOT/GSV_PILOT_579_2.jpg,195,,
623,579,PILOT/GSV_PILOT_579_3.jpg,285,,
624,579,PILOT/GSV_PILOT_579_4.jpg,15,,
625,582,PILOT/GSV_PILOT_582_1.jpg,234,,
626,582,PILOT/GSV_PILOT_582_2.jpg,324,,
627,582,PILOT/GSV_PILOT_582_3.jpg,54,,
628,582,PILOT/GSV_PILOT_582_4.jpg,144,,
629,587,PILOT/GSV_PILOT_587_1.jpg,175,,
630,587,PILOT/GSV_PILOT_587_2.jpg,265,,
631,587,PILOT/GSV_PILOT_587_3.jpg,355,,
632,587,PILOT/GSV_PILOT_587_4.jpg,85,,
633,589,PILOT/GSV_PILOT_589_1.jpg,58,,
634,589,PILOT/GSV_PILOT_589_2.jpg,148,,
635,589,PILOT/GSV_PILOT_589_3.jpg,238,,
636,589,PILOT/GSV_PILOT_589_4.jpg,328,,
637,594,PILOT/GSV_PILOT_594_1.jpg,339,,
638,594,PILOT/GSV_PILOT_594_2.jpg,69,,
639,594,PILOT/GSV_PILOT_594_3.jpg,159,,
640,594,PILOT/GSV_PILOT_594_4.jpg,249,,
641,595,PILOT/GSV_PILOT_595_1.jpg,115,,
642,595,PILOT/GSV_PILOT_595_2.jpg,205,,
643,595,PILOT/GSV_PILOT_595_3.jpg,295,,
644,595,PILOT/GSV_PILOT_595_4.jpg,25,,
645,598,PILOT/GSV_PILOT_598_1.jpg,353,,
646,598,PILOT/GSV_PILOT_598_2.jpg,83,,
647,598,PILOT/GSV_PILOT_598_3.jpg,173,,
648,598,PILOT/GSV_PILOT_598_4.jpg,263,,
649,599,PILOT/GSV_PILOT_599_1.jpg,29,,
650,599,PILOT/GSV_PILOT_599_2.jpg,119,,
651,599,PILOT/GSV_PILOT_599_3.jpg,209,,
652,599,PILOT/GSV_PILOT_599_4.jpg,299,,
653,600,PILOT/GSV_PILOT_600_1.jpg,313,,
654,600,PILOT/GSV_PILOT_600_2.jpg,43,,
655,600,PILOT/GSV_PILOT_600_3.jpg,133,,
656,600,PILOT/GSV_PILOT_600_4.jpg,223,,
657,602,PILOT/GSV_PILOT_602_1.jpg,41,,
658,602,PILOT/GSV_PILOT_602_2.jpg,131,,
659,602,PILOT/GSV_PILOT_602_3.jpg,221,,
660,602,PILOT/GSV_PILOT_602_4.jpg,311,,
661,606,PILOT/GSV_PILOT_606_1.jpg,314,,
662,606,PILOT/GSV_PILOT_606_2.jpg,44,,
663,606,PILOT/GSV_PILOT_606_3.jpg,134,,
664,606,PILOT/GSV_PILOT_606_4.jpg,224,,
665,607,PILOT/GSV_PILOT_607_1.jpg,330,,
666,607,PILOT/GSV_PILOT_607_2.jpg,60,,
667,607,PILOT/GSV_PILOT_607_3.jpg,150,,
668,607,PILOT/GSV_PILOT_607_4.jpg,240,,
669,610,PILOT/GSV_PILOT_610_1.jpg,32,,
670,610,PILOT/GSV_PILOT_610_2.jpg,122,,
671,610,PILOT/GSV_PILOT_610_3.jpg,212,,
672,610,PILOT/GSV_PILOT_610_4.jpg,302,,
673,611,PILOT/GSV_PILOT_611_1.jpg,270,,
674,611,PILOT/GSV_PILOT_611_2.jpg,0,,
675,611,PILOT/GSV_PILOT_611_3.jpg,90,,
676,611,PILOT/GSV_PILOT_611_4.jpg,180,,
677,612,PILOT/GSV_PILOT_612_1.jpg,42,,
678,612,PILOT/GSV_PILOT_612_2.jpg,132,,
679,612,PILOT/GSV_PILOT_612_3.jpg,222,,
680,612,PILOT/GSV_PILOT_612_4.jpg,312,,
681,615,PILOT/GSV_PILOT_615_1.jpg,191,,
682,615,PILOT/GSV_PILOT_615_2.jpg,281,,
683,615,PILOT/GSV_PILOT_615_3.jpg,11,,
684,615,PILOT/GSV_PILOT_615_4.jpg,101,,
685,620,PILOT/GSV_PILOT_620_1.jpg,226,,
686,620,PILOT/GSV_PILOT_620_2.jpg,316,,
687,620,PILOT/GSV_PILOT_620_3.jpg,46,,
688,620,PILOT/GSV_PILOT_620_4.jpg,136,,
689,623,PILOT/GSV_PILOT_623_1.jpg,26,,
690,623,PILOT/GSV_PILOT_623_2.jpg,116,,
691,623,PILOT/GSV_PILOT_623_3.jpg,206,,
692,623,PILOT/GSV_PILOT_623_4.jpg,296,,
693,624,PILOT/GSV_PILOT_624_1.jpg,285,,
694,624,PILOT/GSV_PILOT_624_2.jpg,15,,
695,624,PILOT/GSV_PILOT_624_3.jpg,105,,
696,624,PILOT/GSV_PILOT_624_4.jpg,195,,
697,628,PILOT/GSV_PILOT_628_1.jpg,135,,
698,628,PILOT/GSV_PILOT_628_2.jpg,225,,
699,628,PILOT/GSV_PILOT_628_3.jpg,315,,
700,628,PILOT/GSV_PILOT_628_4.jpg,45,,
701,634,PILOT/GSV_PILOT_634_1.jpg,66,,
702,634,PILOT/GSV_PILOT_634_2.jpg,156,,
703,634,PILOT/GSV_PILOT_634_3.jpg,246,,
704,634,PILOT/GSV_PILOT_634_4.jpg,336,,
705,640,PILOT/GSV_PILOT_640_1.jpg,31,,
706,640,PILOT/GSV_PILOT_640_2.jpg,121,,
707,640,PILOT/GSV_PILOT_640_3.jpg,211,,
708,640,PILOT/GSV_PILOT_640_4.jpg,301,,
709,641,PILOT/GSV_PILOT_641_1.jpg,83,,
710,641,PILOT/GSV_PILOT_641_2.jpg,173,,
711,641,PILOT/GSV_PILOT_641_3.jpg,263,,
712,641,PILOT/GSV_PILOT_641_4.jpg,353,,
713,642,PILOT/GSV_PILOT_642_1.jpg,204,,
714,642,PILOT/GSV_PILOT_642_2.jpg,294,,
715,642,PILOT/GSV_PILOT_642_3.jpg,24,,
716,642,PILOT/GSV_PILOT_642_4.jpg,114,,
717,644,PILOT/GSV_PILOT_644_1.jpg,112,,
718,644,PILOT/GSV_PILOT_644_2.jpg,202,,
719,644,PILOT/GSV_PILOT_644_3.jpg,292,,
720,644,PILOT/GSV_PILOT_644_4.jpg,22,,
721,646,PILOT/GSV_PILOT_646_1.jpg,198,,
722,646,PILOT/GSV_PILOT_646_2.jpg,288,,
723,646,PILOT/GSV_PILOT_646_3.jpg,18,,
724,646,PILOT/GSV_PILOT_646_4.jpg,108,,
725,649,PILOT/GSV_PILOT_649_1.jpg,120,,
726,649,PILOT/GSV_PILOT_649_2.jpg,210,,
727,649,PILOT/GSV_PILOT_649_3.jpg,300,,
728,649,PILOT/GSV_PILOT_649_4.jpg,30,,
729,650,PILOT/GSV_PILOT_650_1.jpg,343,,
730,650,PILOT/GSV_PILOT_650_2.jpg,73,,
731,650,PILOT/GSV_PILOT_650_3.jpg,163,,
732,650,PILOT/GSV_PILOT_650_4.jpg,253,,
733,653,PILOT/GSV_PILOT_653_1.jpg,164,,
734,653,PILOT/GSV_PILOT_653_2.jpg,254,,
735,653,PILOT/GSV_PILOT_653_3.jpg,344,,
736,653,PILOT/GSV_PILOT_653_4.jpg,74,,
737,654,PILOT/GSV_PILOT_654_1.jpg,297,,
738,654,PILOT/GSV_PILOT_654_2.jpg,27,,
739,654,PILOT/GSV_PILOT_654_3.jpg,117,,
740,654,PILOT/GSV_PILOT_654_4.jpg,207,,
741,655,PILOT/GSV_PILOT_655_1.jpg,326,,
742,655,PILOT/GSV_PILOT_655_2.jpg,56,,
743,655,PILOT/GSV_PILOT_655_3.jpg,146,,
744,655,PILOT/GSV_PILOT_655_4.jpg,236,,
745,662,PILOT/GSV_PILOT_662_1.jpg,142,,
746,662,PILOT/GSV_PILOT_662_2.jpg,232,,
747,662,PILOT/GSV_PILOT_662_3.jpg,322,,
748,662,PILOT/GSV_PILOT_662_4.jpg,52,,
749,666,PILOT/GSV_PILOT_666_1.jpg,39,,
750,666,PILOT/GSV_PILOT_666_2.jpg,129,,
751,666,PILOT/GSV_PILOT_666_3.jpg,219,,
752,666,PILOT/GSV_PILOT_666_4.jpg,309,,
753,668,PILOT/GSV_PILOT_668_1.jpg,287,,
754,668,PILOT/GSV_PILOT_668_2.jpg,17,,
755,668,PILOT/GSV_PILOT_668_3.jpg,107,,
756,668,PILOT/GSV_PILOT_668_4.jpg,197,,
757,669,PILOT/GSV_PILOT_669_1.jpg,322,,
758,669,PILOT/GSV_PILOT_669_2.jpg,52,,
759,669,PILOT/GSV_PILOT_669_3.jpg,142,,
760,669,PILOT/GSV_PILOT_669_4.jpg,232,,
761,670,PILOT/GSV_PILOT_670_1.jpg,181,,
762,670,PILOT/GSV_PILOT_670_2.jpg,271,,
763,670,PILOT/GSV_PILOT_670_3.jpg,1,,
764,670,PILOT/GSV_PILOT_670_4.jpg,91,,
765,673,PILOT/GSV_PILOT_673_1.jpg,215,,
766,673,PILOT/GSV_PILOT_673_2.jpg,305,,
767,673,PILOT/GSV_PILOT_673_3.jpg,35,,
768,673,PILOT/GSV_PILOT_673_4.jpg,125,,
769,675,PILOT/GSV_PILOT_675_1.jpg,169,,
770,675,PILOT/GSV_PILOT_675_2.jpg,259,,
771,675,PILOT/GSV_PILOT_675_3.jpg,349,,
772,675,PILOT/GSV_PILOT_675_4.jpg,79,,
773,681,PILOT/GSV_PILOT_681_1.jpg,289,,
774,681,PILOT/GSV_PILOT_681_2.jpg,19,,
775,681,PILOT/GSV_PILOT_681_3.jpg,109,,
776,681,PILOT/GSV_PILOT_681_4.jpg,199,,
777,684,PILOT/GSV_PILOT_684_1.jpg,283,,
778,684,PILOT/GSV_PILOT_684_2.jpg,13,,
779,684,PILOT/GSV_PILOT_684_3.jpg,103,,
780,684,PILOT/GSV_PILOT_684_4.jpg,193,,
781,685,PILOT/GSV_PILOT_685_1.jpg,298,,
782,685,PILOT/GSV_PILOT_685_2.jpg,28,,
783,685,PILOT/GSV_PILOT_685_3.jpg,118,,
784,685,PILOT/GSV_PILOT_685_4.jpg,208,,
785,686,PILOT/GSV_PILOT_686_1.jpg,246,,
786,686,PILOT/GSV_PILOT_686_2.jpg,336,,
787,686,PILOT/GSV_PILOT_686_3.jpg,66,,
788,686,PILOT/GSV_PILOT_686_4.jpg,156,,
789,687,PILOT/GSV_PILOT_687_1.jpg,155,,
790,687,PILOT/GSV_PILOT_687_2.jpg,245,,
791,687,PILOT/GSV_PILOT_687_3.jpg,335,,
792,687,PILOT/GSV_PILOT_687_4.jpg,65,,
793,689,PILOT/GSV_PILOT_689_1.jpg,334,,
794,689,PILOT/GSV_PILOT_689_2.jpg,64,,
795,689,PILOT/GSV_PILOT_689_3.jpg,154,,
796,689,PILOT/GSV_PILOT_689_4.jpg,244,,
797,699,PILOT/GSV_PILOT_699_1.jpg,292,,
798,699,PILOT/GSV_PILOT_699_2.jpg,22,,
799,699,PILOT/GSV_PILOT_699_3.jpg,112,,
800,699,PILOT/GSV_PILOT_699_4.jpg,202,,